a,b,c,d,e
33,31,5.14552307083801,29.558779629635684,5.308913542923599
37,31,4.218750197167813,25.661655624020597,4.6089694088593065
45,30,2.90997853689281,19.52072946467311,3.563981288919069
38,30,4.28385341220485,26.40744596086201,4.821317946287603
40,30,2.726229412831938,17.242188737384794,3.14797857074239
33,29,3.3730457657205,19.376672710821246,3.598157791782004
44,31,2.646002196390035,17.551592959764054,3.152359154589439
38,31,2.694489888603106,16.609951200163305,2.983235301955323
50,31,2.5681190688403928,18.15934408471524,3.261514478943409
40,28,2.4457463882355492,15.468258331909556,2.923226054395392
34,31,2.8255738825689516,16.47578538459082,2.9591384101277582
26,31,3.598709169922368,18.349888281179446,3.295737226898812
34,31,2.622593638496511,15.292217345800463,2.7465633150515782
29,31,2.529942488171774,13.624157251376937,2.4469708779938304
28,31,3.2688074306167336,17.296903090343797,3.106615503669054
49,31,2.7391830347795283,19.174281243456697,3.4438025738773654
43,30,3.322850197617382,21.789385896340736,3.978179389870248
30,29,4.0336003900812,22.092939216091107,4.102555819057089
46,28,2.6301469506847344,17.83852452365457,3.3711642604226375
46,31,3.540075333421922,24.00995907638968,4.312315951565474
38,30,3.182427828631291,19.617802670252882,3.581704350394195
31,28,3.338701090134772,18.589100947794126,3.5130098717241665
25,31,3.342557367373342,16.712786836866712,3.001705127544554
33,31,2.596373006824466,14.915027391483454,2.6788179993850068
50,31,3.5753993084394966,25.281890964472606,4.540761662482094
42,31,2.871500950797509,18.609453077350285,3.342356440510594
34,31,2.9386714401464484,17.1352518022497,3.077582075247897
35,30,2.157076920044857,12.761439157268166,2.3299093642218307
31,30,4.413045023184019,24.570794811648366,4.485992858056903
37,31,2.6545900930856745,16.147241151522405,2.90013012391835
46,31,2.9649057902215508,20.10896943816134,3.6116775293881536
25,30,3.8922308351396175,19.461154175698088,3.5531043790385666
31,31,4.4593714693258,24.828729547533143,4.4593714693258
27,31,2.619253766808818,13.61004180608711,2.4444356691793088
26,31,2.39890189896369,12.232047594010643,2.196940602528167
49,31,2.735238309782535,19.146668168477746,3.438843119205883
39,31,3.3237450049657684,20.7567809031979,3.7280279032224524
26,31,3.0697307566419942,15.652617029593472,2.811293009109576
32,31,4.351561763426006,24.61615065336496,4.421191172834207
34,31,2.6951834605645546,15.715485106334604,2.8225844490205096
36,31,4.007128019828581,24.042768118971487,4.3182086295675886
43,30,4.301330827177815,28.205712471903595,5.149634990455466
28,31,3.4559018771613528,18.286913844820457,3.28442668423659
29,31,2.688343779538754,14.477174311051058,2.6001772646305925
30,30,3.7232006521783263,20.392809833160154,3.7232006521783263
37,30,2.4682010888621333,15.01348110057185,2.7410740884868967
45,28,3.106834018593368,20.84127618115085,3.93863098432422
49,31,2.7412644754088773,19.188851327862142,3.446419438287561
25,31,3.9252817299589933,19.626408649794968,3.5250070532473328
49,30,3.5948608554016346,25.164025987811442,4.594301557056849
49,30,4.2173933941038255,29.521753758726778,5.389910156922527
29,31,3.836457836864842,20.65995772713991,3.710637947443366
33,30,4.4992616836517065,25.846290604905395,4.718865464046843
27,31,5.0141149358626045,26.05410547171198,4.679455482284279
33,31,2.792092667491438,16.03935124334404,2.880752524374334
44,31,2.476568416500183,16.427696410351448,2.950501375385338
32,30,4.380815314659446,24.78163372897259,4.524486601729718
37,31,2.9633204813166096,18.025174789017957,3.237416962066979
33,31,3.4780189480801704,19.979697733092834,3.5884596457558087
25,30,3.002897426542153,15.014487132710766,2.741257763985583
48,29,3.2581617914019283,22.57320704795108,4.191739316509887
47,30,3.5420173507390613,24.282847545294565,4.433421120338928
38,31,2.9929440583434817,18.449746263355355,3.3136722499473006
48,31,3.2732731266351376,22.677901449527575,4.073071339175836
46,31,2.2165260639258357,15.03321118174283,2.700044434729211
41,31,3.313866692462668,21.219100138129136,3.811062889045065
49,31,2.86821639481815,20.077514763727052,3.6060281030862296
40,31,3.61498585642678,22.86317803120613,4.1063479955867015
44,31,3.1578808046777085,20.94701152356309,3.7621943312478834
38,31,2.5914111549531613,15.974531211043274,2.8691105028955697
45,31,2.9706522878059856,19.92774135914836,3.5791280055212953
46,31,2.8568518188921193,19.37611174861798,3.480052402715074
39,31,2.53101469220665,15.806181686747468,2.8388740357383577
25,31,3.0751719873313266,15.375859936656633,2.761585967844603
44,31,3.3652631784601352,22.322630567502184,4.009262805108348
49,31,2.6896191240433045,18.827333868303132,3.3814889857755124
45,30,3.604601506048655,24.180401997968737,4.414717207943489
39,31,4.2242651093801316,26.380527152783113,4.738082546901148
26,31,3.396183610721215,17.317206502811477,3.110262104197486
30,31,5.58848427746703,30.60938901031652,5.497608558052943
46,31,3.0984421738341372,21.014657256575102,3.7743438635563282
27,31,3.4217943494269387,17.780164998778652,3.1934119046915317
28,31,3.333814614879509,17.640888776327508,3.168397156693046
27,31,3.668870455566658,19.064010106289473,3.42399729298161
33,30,4.762477420864034,27.358349896876298,4.994928458212761
43,31,2.693683213403444,17.663662075837347,3.1724873620296568
39,31,5.322463409890408,33.238773341314314,5.969859924966272
28,31,2.6467848082161325,14.005468752887348,2.5154564453888906
42,28,4.232074413053803,27.426976887368337,5.183211432735214
43,31,3.257026647629143,21.357752013841537,3.8359655010589693
50,31,2.9096653724269417,20.574441158267717,3.695278718262782
29,31,4.0154296514060634,21.6237504442763,3.883740229495853
34,30,3.162302282183028,18.439232484368745,3.3665278582569287
46,28,3.1780942800861096,21.554884125026934,4.0734902095453815
37,30,2.6842740760606842,16.327801770912803,2.98103511480058
29,28,2.5480374286477385,13.721601488015295,2.5931389376301643
47,31,2.6533585180202426,18.190509530578773,3.267111958260528
31,31,2.6674824672862445,14.851913819830251,2.6674824672862445
35,31,5.658566196079077,33.476529073954325,6.012562115135678
41,28,3.2272100586105408,20.66422694557624,3.905171823813898
32,30,3.291874940443785,18.621656745646902,3.39983381923635
39,30,2.905061255582779,18.14210172633919,3.3122794520231302
41,30,3.318424741276867,21.248285890966734,3.8793884969337458
50,31,2.901200440405155,20.514585049918832,3.684528243844633
44,29,4.251641957843252,28.202202234196196,5.237017481216671
39,30,2.750166763567101,17.17478593373835,3.1356725587436403
34,30,4.12819520745819,24.07130766721962,4.3947993993277485
36,30,2.353279194035988,14.119675164215927,2.577888197362175
38,31,2.396764735360518,14.77465009647861,2.6536054929179596
49,31,3.9642871003395688,27.750009702376982,4.984048873841352
48,31,3.104045634045084,21.50545898871374,3.8624944568923527
34,31,3.629559316859617,21.163785776096,3.801128136345685
31,31,2.875340941246473,16.009220823658243,2.8753409412464728
45,31,2.901704730428367,19.465227083611595,3.4960579893718196
30,31,4.076595200021039,22.32843148868808,4.010304681309973
38,31,3.0634226803832125,18.88420566796703,3.3917034625309532
36,30,2.2708413932706093,13.625048359623655,2.4875821112215455
33,30,3.028893684353708,17.399669519473257,3.1767304963168588
38,31,2.953556786144425,18.20694681107274,3.270064180988146
42,28,5.077968601465204,32.90899778075279,6.219216001732028
30,30,3.050997889502454,16.711003669811483,3.0509978895024537
49,31,3.3800428667701397,23.660300067390978,4.249515339647879
28,31,2.478539892055988,13.115200337866037,2.35555951782409
32,31,4.141721199213366,23.42911316598281,4.207992946395831
45,30,2.517515780312878,16.888009257624066,3.083314540585592
25,31,3.5413437977884192,17.706718988942097,3.180220611912176
29,28,4.543465699156566,24.4673115855207,4.623887264686946
34,31,2.998273057947876,17.482785968504782,3.140001054142764
34,30,2.353315355870071,13.722068633479134,2.5052955087302036
41,30,3.38180512504684,21.654118362462047,3.9534830300024306
49,31,3.168760830432499,22.18132581302749,3.9838837220031014
49,31,2.474896732281896,17.324277125973275,3.111532025605978
25,31,2.5725390430726787,12.862695215363393,2.3102082590336948
46,31,3.187288571691249,21.61724284465407,3.8825714301002328
32,31,4.165825732170904,23.565468995675687,4.232483176370931
31,31,2.3886613589520866,13.299503589242558,2.3886613589520866
46,29,3.712459809918594,25.179127479958414,4.675646592393978
39,28,4.312153027364823,26.929387024680913,5.089175787622521
43,31,3.7055542942210162,24.2989444828176,4.364219262768291
31,31,3.414305211547089,19.0100468806767,3.4143052115470893
41,30,2.8392874527468424,18.18031030572228,3.3192553522959116
34,29,2.268724893893024,13.228825718928231,2.4565312655616593
44,31,3.8472776197893834,25.51995265834597,4.583518804911225
40,30,3.4085108907296413,21.557315688389938,3.935809360597059
42,30,4.360947788058099,28.262171813699858,5.159943008816701
30,31,3.9174538514608765,21.456778424306144,3.8537511694190925
44,30,3.8954213941681366,25.839302329557672,4.717589585364841
45,31,3.881926394664771,26.040753906363317,4.677057470357302
36,31,2.8600023492010194,17.160014095206115,3.082029514353209
50,31,2.4518221450663362,17.337000650397535,3.1138172380530422
26,31,2.8097198043659057,14.326816110189855,2.5731721345527134
47,31,2.495716789473986,17.109772289055456,3.0730058195851493
35,31,2.287096492915975,13.530645323738234,2.430175639987175
31,30,3.7655817850010656,20.965872067850793,3.827827023109787
45,30,2.8288093379271877,18.9762299249741,3.46456972877096
48,30,3.4624750174995307,23.988730600988497,4.3797229586919535
47,30,3.0795583649915717,21.112388472157985,3.8545771363376526
25,31,4.799777932176783,23.99888966088391,4.310327825850301
30,30,4.634371151685028,25.383496196290857,4.634371151685028
41,30,2.8247416220960098,18.08717154492834,3.302250618874272
25,30,5.03996161242926,25.1998080621463,4.600834440146025
26,31,3.5197602966488266,17.947326435781495,3.2234349850716573
46,31,2.7621983358736206,18.734140592734377,3.364750979370122
46,30,3.031127238764751,20.558105154141877,3.7533793108289086
30,30,2.765538354591161,15.147477404552998,2.765538354591161
35,31,4.218809938358241,24.95881618506093,4.482735719148626
29,30,3.110507869039245,16.750597508665084,3.0582267023952348
26,31,3.5412729473320885,18.05701986140455,3.2431365059110377
36,31,3.981473940440175,23.88884364264105,4.290562977506948
36,30,2.252354787369606,13.514128724217635,2.4673310490941702
38,31,3.3428507274034027,20.606715833840564,3.7010754211168595
25,31,2.877011295611675,14.385056478058376,2.5836324134138895
36,30,4.267000203020555,25.602001218123334,4.6742645281469635
26,31,2.4098438026478406,12.287840574411979,2.2069613176241227
48,31,2.6699432054885617,18.497909140918,3.322322558118418
41,30,3.0034570865635324,19.231508867064402,3.5111770737839314
31,30,2.5937049308665525,14.441137881775296,2.6365789912969007
46,30,3.368824612283911,22.84848017578353,4.171542665662081
28,31,2.573807852315978,13.619310999386675,2.4461004654414213
31,31,3.1404854467747816,17.48548295253895,3.1404854467747816
25,30,3.3497435161657143,16.748717580828572,3.0578834761010545
26,30,3.9114948571603745,19.94478860397857,3.641403541023678
48,30,2.547145528632502,17.64714187945352,3.2219125609569352
28,31,3.823374560228277,20.231396510829935,3.6336660807510506
48,31,2.910211388233776,20.16253594074582,3.621298357263357
47,30,3.367739052851611,23.0880557306324,4.215282977534595
38,30,2.6288199907404106,16.20513476220496,2.958639285556924
26,31,5.30633522756972,27.057106871042812,4.859599851544371
31,31,2.374787342127883,13.222256332799452,2.374787342127883
47,31,3.3455585406014303,22.935993799785198,4.119426093694657
40,30,3.8388077389241047,24.27875190896237,4.432673362870101
31,31,4.638467273677909,25.825892784537192,4.638467273677909
25,31,3.5259232150306756,17.62961607515338,3.1663725197940087
39,31,4.8008170593402415,29.981092926256693,5.384763250113139
25,28,3.5980436562512788,17.990218281256393,3.399831685998019
44,31,3.3571694095671645,22.26894257838652,3.9996201576080184
38,30,3.5966504489507427,22.171242391296612,4.047896528542645
34,28,3.3482284294517144,19.52335890508638,3.6895680299654883
41,31,3.97464893405393,25.450170924927356,4.5709856356046235
40,30,3.6551073942100127,23.116928916453165,4.220554475928285
48,31,2.730390135362918,18.916697755733754,3.397539213767776
33,31,2.2419187791185577,12.878842875096607,2.3131084643371045
46,30,3.5412106309379676,24.017659038772525,4.3850045446678525
44,30,2.5333527809303082,16.804361271898504,3.068042577695005
49,30,3.022832069646186,21.159824487523302,3.8632377282222348
44,31,2.5218995484916644,16.72838912262709,3.0045073807908547
40,31,3.2107413867529497,20.306511519813792,3.6471571346263403
33,30,2.4750561673021734,14.218115206767642,2.5958608079846224
32,30,5.094280732908607,28.817603612061212,5.261350517189427
38,31,3.0719117407166343,18.936535750358424,3.4011022227839454
36,31,4.327064553384026,25.962387320304153,4.6629824159993385
35,30,4.8424524089749275,28.648334797358604,5.230446401157833
47,31,3.5612094339931226,24.41442183914655,4.384959608229005
44,30,3.0518058377358357,20.243389793572003,3.6959204101030783
43,31,2.746260455631944,18.008434109528075,3.2344102472710654
39,30,3.2448679249194905,20.264193696189384,3.699718665685638
33,30,3.1786761325221646,18.26010417632879,3.3338236532565233
38,31,2.452939746771744,15.120936123438915,2.7158002993778174
47,28,3.7306187326215476,25.575833476639225,4.833378210884848
34,28,2.6004521129745726,15.16311117560355,2.8655586623336595
42,31,3.014082099985352,19.5334845337177,3.5083173893137043
42,31,3.3458707786249198,21.683720926648114,3.8945112460949343
41,31,2.842088445314423,18.198245409120624,3.2685013630624797
32,31,4.184408521487969,23.670589126391345,4.251363309197211
44,30,3.8854532561059276,25.773181181936057,4.705517570671345
33,28,2.305339897767952,13.243169464291574,2.5027237837714273
37,28,2.577398972353248,15.677705894659475,2.962807923234312
26,31,2.6002011541354966,13.258476424203376,2.381292662583922
40,31,3.1847468024304555,20.142107333237018,3.6176292710417526
38,30,2.7748661267019457,17.105423607805758,3.1230087885588715
40,30,3.271536826932868,20.69101564445591,3.7776453353869313
42,31,3.423065139479808,22.18399756272797,3.984363582414996
42,31,2.4513086163756466,15.886295514503514,2.853262903969003
33,31,2.745512474142782,15.771768404564831,2.8326932277982126
32,31,3.0559962226349597,17.287325218445236,3.1048952670939394
33,30,4.572440521690164,26.266671024418173,4.795616076880387
42,31,2.7583555137169684,17.87618683842328,3.2106579362020717
37,30,4.557465049465968,27.72197763603531,5.061317496636759
50,31,2.473687848831875,17.49161452447782,3.141586709604762
50,31,2.7045480025200295,19.124042326264448,3.4347793979815533
41,30,2.6841324681614918,17.186833663365302,3.1378721631714424
26,31,3.963639709799751,20.21067622512017,3.6299446075780675
43,31,2.765725707734432,18.13607630355018,3.2573354620797654
47,31,2.9353014838310116,20.123413121190087,3.6142716914409108
42,31,3.386559205161809,21.94741206845991,3.9418715732618272
36,28,3.6076105235390545,21.645663141234326,4.090645831055943
33,31,4.092645231201655,23.510456920693024,4.222602716028551
49,30,2.3910121612909676,16.737085129036775,3.055759690685902
37,30,2.8388930928259533,17.26831253256413,3.1527481013781795
38,31,2.5077553983653034,15.458842493704118,2.7764900750660706
33,31,3.9393726031160714,22.629972706655863,4.064463082836599
40,31,3.4497505365353525,21.818138109679253,3.9186532848508304
37,31,3.192274990605922,19.417850699265802,3.487548939552457
47,31,2.4367224839825528,16.70532770721565,3.000365428310718
43,31,3.2377606954718763,21.23141671695812,3.813275011905581
31,28,4.392093129368089,24.454139603926233,4.621397994146025
38,31,2.3358448450507865,14.399114671593967,2.5861573395098003
46,31,4.377777542129331,29.691531883436202,5.332756551562176
50,31,3.181494568962183,22.496563840213316,4.040502143086136
50,31,3.2973688060020043,23.315918427970068,4.187662571287211
49,31,3.2071415198859556,22.44999063920169,4.032137349252089
35,30,4.060811186251199,24.024082961965487,4.3861773872146745
32,30,4.33893722726334,24.544735492325312,4.481235099048081
48,31,2.7454512313824337,19.02104408982765,3.4162803686180974
29,31,3.691750407395973,19.880684370633258,3.57067632088657
28,30,2.2210285259083964,11.75257826866799,2.145717408864823
44,30,3.2965919517993467,21.867117182047615,3.9923711160720936
45,30,2.4301288157337533,16.301799678185198,2.97628780389083
44,31,3.7329017862590264,24.761269208537282,4.4472552347656205
41,30,3.9959947569165237,25.586850880666777,4.671498467620706
38,31,2.3159732468980536,14.276617913679887,2.5641562723073412
27,31,2.8807421347047066,14.968775222438936,2.68847139479705
28,30,2.634929524693241,13.942736489039882,2.545583762799175
32,30,3.2619528260306754,18.452391705575305,3.3689303923549403
42,30,3.362877508380137,21.793937132319577,3.979010328073628
28,30,4.389145716815981,23.225176069438827,4.240317611753605
28,30,3.6000536132431207,19.049693134281608,3.4779822143991086
29,31,3.4056346646671174,18.339903942122678,3.2939439866669833
39,30,2.797373323594178,17.469590806618715,3.1894963183899803
36,31,2.6962969582478356,16.177781749487014,2.905615377239862
44,31,3.454259413928626,22.91296480910839,4.1152899648687775
45,30,3.7971945268639846,25.472355257574065,4.650594522452877
35,30,3.0570831317773544,18.085947711162866,3.3020271784209436
37,31,3.1028076323058627,18.873642004513435,3.389806172565861
28,31,4.321033271894055,22.864758888534826,4.106631925944684
49,30,2.7163997533636173,19.01479827354532,3.4716113136103535
35,30,2.2683687317811323,13.419850394705673,2.4501182598416347
40,31,2.810521278661653,17.775297305879228,3.192537641238157
43,30,3.7791075658809605,24.781265539988972,4.5244193799258
37,31,2.8771084580582307,17.500767524280693,3.143230636898808
27,31,2.7332091036386377,14.20217110563573,2.550785230863641
37,31,2.784538635353469,16.93768727529582,3.0420984387145675
41,31,3.2931310818619752,21.08632744731387,3.7872162098102815
35,31,4.039157502141277,23.895978039173155,4.291844352950875
30,30,3.3186418317013477,18.176949915030914,3.3186418317013477
29,30,2.748839329849536,14.802952819572914,2.702637058988262
41,31,3.1830254783861274,20.3813075890205,3.6605909052266266
30,31,3.0041027256512614,16.454148279019492,2.9552522712466347
27,31,3.0434188560508004,15.814068262179413,2.840290506500769
34,31,2.7453322570643865,16.00790032630951,2.8751037729213285
31,31,4.430701281661294,24.669100698379054,4.430701281661294
49,30,2.8838059477810143,20.1866416344671,3.685559661156862
44,31,2.677663932725404,17.761613159035218,3.1900798959112597
25,31,3.427084226163651,17.135421130818255,3.0776124875565936
31,31,4.453894015664003,24.79823237623593,4.453894015664003
26,30,3.5867642981824295,18.288981147090137,3.3390958426826587
49,30,2.9370844595167487,20.559591216617243,3.7536506274754484
30,30,3.1445267067881613,17.223282099853094,3.1445267067881613
26,31,4.394034055411699,22.40526539193549,4.024104457708622
27,28,3.3017385865515263,17.156336955653686,3.2422429281061875
46,28,3.2318424272835298,21.919421795301428,4.142381353764037
36,30,2.283197375454759,13.699184252728555,2.5011174115463275
48,31,3.2632365275573565,22.60836585137591,4.060582377068195
27,31,2.759037292284605,14.336378310642598,2.5748895564530687
37,31,2.780334556777477,16.912114863659344,3.037505497999046
37,31,3.8260239684006714,23.272795235010502,4.17991741719135
50,31,3.329360902068911,23.54213670870288,4.2282925739222055
42,31,2.893661611735867,18.753070574597118,3.3681509044799407
26,31,4.658493641023164,23.753749979525015,4.266299439341089
48,31,3.093916914331704,21.435285160076944,3.8498908652056656
42,31,3.1835445046362745,20.631726436388995,3.705567457941442
35,31,4.200850336079384,24.85256574510647,4.463652576790128
39,30,3.4047100676008486,21.262407557294175,3.8819667486661125
38,31,2.583704318009761,15.92702307747078,2.8605777902165537
31,31,5.008767396903607,27.887636614184796,5.008767396903607
30,31,3.333377819923755,18.257662246596343,3.279172942102782
28,30,2.554423162077041,13.516736860158177,2.467807227390062
46,31,3.6724535536368865,24.907791848466395,4.47357147776385
37,30,3.597574137751987,21.88318916508771,3.995305445290394
29,31,3.339532719370278,17.983934072627008,3.230009910743782
33,31,2.7773802456813277,15.954834814573568,2.865572925658789
44,31,2.5058719558357696,16.62207410036257,2.9854126391070523
32,31,3.378184360947825,19.109896557796407,3.43223874296345
40,31,2.882433739520533,18.23011164280277,3.274224707587417
45,31,2.620325823035332,17.57767999051526,3.1570445236264915
30,31,4.202834475487184,23.019872476847237,4.134491148821991
28,30,3.6557008373685806,19.34415056665569,3.5317425403778873
39,31,3.20846159671385,20.036836249416123,3.5987220262374144
32,30,3.322908049804162,18.797206522207112,3.4318846767653564
46,30,3.34106711931414,22.66021969895826,4.137171162380788
40,30,2.6265649794976347,16.611855515291975,3.0328959959140063
38,28,2.5301335767190167,15.596790849708686,2.9475164170726402
44,28,4.80955173078828,31.902957001658255,6.029092165283899
26,31,2.875230172909374,14.660854757735654,2.6331672467337923
33,30,2.947710046645925,16.933305026787053,3.0915843787622967
28,31,5.226406115656195,27.655541665306743,4.967081913511475
27,31,4.655031706696215,24.188254280525722,4.344338715554254
35,31,3.9920943108840805,23.617548444848303,4.241836921568968
29,31,2.546876703075554,13.715350789513225,2.4633497209536888
44,30,3.1137648443760075,20.65437934838918,3.770956493460536
25,31,3.414468404145293,17.072342020726467,3.066283144936978
39,30,2.6077622928329984,16.28547029904089,2.9733064807883665
34,31,2.3784984445418313,13.868910012087792,2.49092977150319
49,31,2.9352825193849945,20.54697763569496,3.6903461239963833
28,31,4.420637980940198,23.391817467628908,4.201294441228679
42,30,3.852356464365042,24.966123323385137,4.558169639224628
29,31,3.003941391657702,16.1767194650497,2.90542458532266
34,31,3.126627149582386,18.231212502332177,3.2744224277956855
38,31,3.1898203287993856,19.663373101806037,3.5316460648150354
29,31,2.6404370810777933,14.219188844473086,2.5538417069873374
31,31,2.855359800312165,15.89797053923552,2.855359800312165
30,31,4.394993824153816,24.072372575849382,4.323525746986482
34,30,2.728893967350467,15.912049449754116,2.9051294732559985
32,31,3.1893837263134244,18.041878885457937,3.2404171063531657
28,31,3.501027611015852,18.525696783837045,3.327313366117505
31,29,2.791770104174475,15.543918095236899,2.886433127291412
50,31,3.1329816534333936,22.153525724757944,3.9788906787530784
43,29,3.472162873980527,22.76849459249106,4.228003303135004
34,31,3.991774207305391,23.27584337788197,4.1804648798124
49,30,2.8199272178805996,19.739490525164197,3.6039214114306426
50,31,3.8367935386169263,27.130227291687582,4.8727326667785995
31,30,3.4536587319447882,19.229158009098914,3.5107478678048682
38,30,2.4580133766401717,15.15221207844573,2.7664027838223215
46,30,3.2325026447239997,21.92389960784331,4.002738121231482
36,31,3.110472689228291,18.662836135369744,3.3519443207692916
26,31,2.6170728660171996,13.344505612315896,2.3967439608979895
49,31,3.4925045154792094,24.447531608354467,4.39090629832763
30,31,4.125072588943947,22.593953083108357,4.0579937674704585
37,31,4.257324629839618,25.896294737704167,4.651111837739739
35,31,2.780049221570647,16.44699299575593,2.9539671444349955
32,31,4.493990593027945,25.421849783348915,4.565899008417684
50,31,2.4826030973471993,17.554654851289314,3.1529090865416065
45,31,3.1442533977980776,21.09229300788357,3.788287656118161
28,31,3.4384481978200836,18.19455765482033,3.267839022837575
46,31,3.025231243948728,20.51811657172081,3.6851625238844914
29,30,4.245390738603379,22.862128798061672,4.174034551762283
28,28,3.7906192827113054,20.05807187396031,3.7906192827113054
31,30,4.524852930638424,25.1933148942556,4.5996489553048905
49,30,3.608866240046582,25.262063680326076,4.612200708948856
27,31,2.8329280427019374,14.720325912439229,2.6438485814362087
32,30,3.4477428825166565,19.503378976121457,3.5608135375979106
35,31,2.643713344879478,15.640419071952142,2.809102191243295
31,31,3.7226635521125826,20.726913460258658,3.7226635521125826
30,30,3.2816117840188035,17.974127990818697,3.281611784018803
25,30,4.322173949048157,21.610869745240784,3.9455869489247664
39,31,4.253166056492756,26.561013509653268,4.770498853538524
33,28,2.9298196722327337,16.830532650200453,3.1806717017988033
29,30,4.736319698930294,25.505862158017308,4.6567120175211585
35,31,3.714619391726538,21.975984685303168,3.9470033667396556
27,31,4.961284050283221,25.779588137614933,4.630150713582194
39,31,3.9725518967028512,24.808578643443067,4.4557522601105894
34,31,5.034782721560877,29.357575850419774,5.272776277388597
28,30,4.493309308987118,23.77635799054279,4.340949202246163
26,28,3.498315987723464,17.83798148611556,3.3710616359740095
44,28,3.301278304381612,21.898202928348987,4.13837136483127
34,31,3.217533370234267,18.761282301895488,3.369625774241526
45,30,3.51916086914541,23.607248781499138,4.310074226087808
27,28,4.35588947776679,22.63386566294023,4.277398553727424
25,31,4.016105369486959,20.080526847434793,3.6065690892902884
26,31,3.946809615028331,20.124859243465085,3.6145314226688794
43,31,2.6275674576332215,17.23011207188635,3.0946194826263285
37,30,2.4539873625718354,14.92702237887731,2.7252889577651764
49,30,2.8834899566888557,20.18442969682199,3.685155818442188
28,31,2.3047661738090537,12.195676252105248,2.1904081166801292
44,30,2.507885387178987,16.635429692975755,3.0372000322113535
49,30,3.7844228686412014,26.49096008048841,4.836565468684125
26,31,3.7794513057081307,19.271495958479488,3.4612628521304805
44,30,3.793932799413223,25.16610315095271,4.594680793426213
43,30,3.5961771451714424,23.581710551961603,4.305411604622324
49,31,4.000920804938999,28.00644563457299,5.0301061268939335
43,31,3.6675146024202845,24.049501542350907,4.319417988107324
33,30,2.651716991451931,15.232954378284965,2.7811442434779194
38,31,3.057992012318628,18.850728781704227,3.3856908362628064
40,31,3.1112263405754206,19.677123105058143,3.5341156383019987
48,31,3.4367248670614976,23.810328325543637,4.276461210265938
33,30,3.2069222916900157,18.422366007192597,3.363448474918588
50,31,4.1155464030680475,29.10130769897321,5.226749158648193
37,31,3.0003388081909548,18.250348480663554,3.27785935096347
40,31,3.268151520094616,20.66960508408107,3.712370663900543
46,31,3.5254200828710895,23.91056233116856,4.294463769119557
37,31,2.285664989492826,13.903157354901435,2.497080775852849
45,31,2.899878137293059,19.452973924358243,3.4938572570033393
28,29,4.361332846656248,23.078004194059666,4.285477793267331
38,31,2.6068383758351885,16.06963098747534,2.8861909269643293
42,31,2.7696574242961876,17.94943159028379,3.223813081981855
49,30,3.8324650578748733,26.827255405124113,4.897964313779624
42,31,3.6832206208112126,23.869997778506292,4.287178160387069
30,28,3.7075018194837566,20.306823785227,3.8376289752372816
29,31,4.637862915393815,24.975656152293002,4.485760266549463
25,31,3.0256127128914665,15.128063564457332,2.717080425574608
30,30,3.2329327285099465,17.707501823016226,3.232932728509946
26,30,4.860774327364374,24.785183146401785,4.525134633727042
28,31,2.876221737186272,15.219534864146109,2.7335091559819924
40,31,2.7853237303736478,17.61593401779488,3.163915149749788
46,30,2.648590461943718,17.963614503060484,3.2796922925510605
27,31,3.924539042216711,20.392503052221127,3.662601669776105
47,31,2.605460715996753,17.862138743787337,3.2081348239220824
34,31,2.7832436098482924,16.228959600660975,2.9148071906570427
37,30,3.3502145413862303,20.378559480804395,3.720598905699111
25,31,2.6591146679783244,13.295573339891622,2.387955465330371
31,31,3.2774329592322355,18.24797443197778,3.2774329592322355
43,30,2.8637997231113372,18.779190630215684,3.428595439952929
43,31,3.8125906955980158,25.00082910470979,4.490281462271186
35,31,3.296912872815033,19.504799593501893,3.503165421962624
45,31,2.8987792390207026,19.445602290646207,3.492533272504058
33,31,3.4623075422222875,19.88944257787704,3.572249341343803
44,31,3.314538284939808,21.986159688826874,3.948830851320654
44,31,3.1474006538253687,20.877494067316025,3.7497086275224962
48,31,3.091574903790892,21.419059235082752,3.84697660304642
45,30,2.594631443645153,17.405316853646934,3.1777615537557566
41,31,2.8903286604010177,18.507133499560574,3.3239793018384205
38,30,2.719157365996101,16.7620117432226,3.0603106469765033
31,30,3.6026522155380074,20.05871861734314,3.6622042204558913
32,30,2.783445908289142,15.745547814537613,2.87473057276614
31,31,3.8498793814141656,21.435221221031878,3.849879381414165
28,30,4.1493639219805205,21.95637007332815,4.0086663900310615
36,31,3.1150786053175095,18.690471631905055,3.356907802471176
43,30,2.375432646696988,15.576753549335491,2.8439130972232363
29,28,3.901325952282597,21.009283219392746,3.97038133015969
25,31,3.4844418947097617,17.422209473548808,3.1291211944704727
49,30,2.589839589908933,18.12887712936253,3.3098649819971193
28,30,4.1882950301855,22.162374134477194,4.046277413774064
50,31,4.998453754940425,35.344405455657366,6.348042616820132
47,30,3.82259172533882,26.206368547274046,4.784606401211962
48,30,3.0550982674962897,21.166341685676905,3.8644276003690545
25,30,2.3388673078418787,11.694336539209393,2.135083972527294
40,31,2.9182071536222502,18.45636257928639,3.3148605753683986
27,30,2.261891705837347,11.753134067186767,2.145818883326877
27,31,3.1938579577273223,16.595772764825682,2.980688779794242
35,31,3.1203126150710223,18.460018378972368,3.315517176375148
49,30,2.955311365937213,20.68717956156049,3.7769449656755043
38,31,3.002945481987899,18.511399179318627,3.324745440539715
31,30,4.010775626081979,22.33105359820651,4.0770739295315375
40,31,3.112785362807752,19.686983227412156,3.535886568555412
28,31,2.1027180716776877,11.1265381898809,1.9983852521060046
47,30,3.006566450721206,20.611981119298274,3.7632156713034157
47,31,3.523820890334849,24.15809889781341,4.338922648934476
28,31,3.2501135887536985,17.197984577107878,3.088849214223277
39,30,4.651263203206727,29.047129394050135,5.303255999964208
30,30,4.3291921905823365,23.711962185571497,4.3291921905823365
43,31,2.324190462874458,15.24073607906827,2.737317006591422
48,31,3.076900352145339,21.317390958969188,3.8287164416085018
27,31,3.022583396075224,15.705804036349116,2.8208456775218234
31,31,3.4801643328028082,19.376734948971595,3.4801643328028082
36,30,4.524178407527473,27.14507044516484,4.955989135961195
37,31,2.7069361653261046,16.465649878354775,2.9573180194690387
38,30,4.736587305317661,29.198285111185278,5.330853131954472
49,31,3.3727324429814,23.6091271008698,4.240324403540237
46,30,3.366235648984326,22.83092097237154,4.168336808395225
42,28,2.748352926110336,17.811362661831588,3.366031151027701
50,31,3.2059592868765905,22.669555519584254,4.071572365907672
30,30,3.8017952165937214,20.8232899914362,3.8017952165937214
39,30,3.025159284862789,18.892113678804446,3.4492122736110344
39,29,3.9655795705464647,24.76503648055225,4.598751824223177
25,30,4.348565301956418,21.74282650978209,3.969678847776324
32,28,4.327105591728811,24.47780565457337,4.6258704573265526
31,31,2.5525509295521225,14.212002099868952,2.5525509295521225
26,31,3.9207568839824107,19.992015859479555,3.5906720465658997
46,31,2.9779715783207465,20.197585924539677,3.6275935201886864
39,31,2.9648290871078395,18.515351714581808,3.3254553368294304
43,30,4.210594134876316,27.610712190238008,5.041003298458743
36,30,2.7411474246301664,16.446884547780996,3.0027765558342683
44,30,4.39695341044986,29.166089366271454,5.324975020039477
47,30,2.5790104911795653,17.680805138337742,3.2280586030402767
32,30,3.433856564732858,19.424826100356373,3.5464718102600985
46,30,4.625864375343379,31.374138650762436,5.728107820439094
32,31,2.9121894402390587,16.473831210343157,2.958787430071794
30,30,3.8594534999493066,21.139097415644986,3.8594534999493066
40,28,2.4850649740900774,15.716930903263929,2.970220753087294
40,30,3.7566200516287656,23.75895133401246,4.337771196102027
43,28,3.5774804855724502,23.45910835603141,4.433354763526886
33,31,2.980833042901615,17.12358215381891,3.075486144516938
44,31,2.673709685467848,17.735383650072006,3.1853689370319085
35,31,3.966170730491259,23.464182474980774,4.214291580230281
37,28,4.089321333293581,24.874370580507353,4.700814183948843
49,30,3.2513273883381553,22.759291718367088,4.15525915566339
50,30,2.789142934729947,19.722218828460935,3.600768045467055
35,30,3.595126495091881,21.269055175298856,3.8831804321110597
49,30,2.3680648370013815,16.57645385900967,3.0264325673410526
47,31,2.7462855425387835,18.82758511372089,3.3815341107846515
43,31,2.824901652335783,18.52411892239104,3.327029973835939
32,30,4.244787978572343,24.01214691478113,4.383998173117901
33,31,2.330531216096493,13.387882570578759,2.4045346925877937
40,31,3.423788959620076,21.653942680275406,3.8891629151613363
37,31,2.427092600119683,14.763427925572087,2.6515899315228975
50,31,3.5801072417868522,25.3151810804255,4.54674074381232
39,31,2.937254511920006,18.343148547727104,3.294526735036524
48,30,2.6491942829191584,18.354156388547924,3.3509951593284173
46,31,3.2134639328093946,21.7947727811848,3.9144567479696293
40,31,2.7105416130677393,17.142970379921753,3.078968372721903
31,31,2.8394763083215904,15.8095349985731,2.8394763083215904
31,31,4.297980121963021,23.930140555217537,4.297980121963021
41,31,3.471378512800789,22.227667892618328,3.992207005204562
47,31,2.5318023955587945,17.35716274041903,3.117438456320844
38,31,2.4772425523463912,15.270748678434702,2.7427074285652386
41,31,3.0659661278529367,19.63176202440328,3.525968547710721
29,30,4.226005581971473,22.75773653478674,4.154975219287383
41,31,3.362239566354437,21.528837659379803,3.8666933900983156
45,31,2.5026326475573617,16.7881701679456,3.0152443734907624
38,30,2.5051705682417067,15.442908530694924,2.8194764519168567
25,28,4.024008157809637,20.120040789048183,3.802330306878376
36,30,3.2254236458027052,19.352541874816232,3.5332745766333895
29,31,4.627620814737684,24.920500752288476,4.475854064273243
45,30,3.0573282646540765,20.509181487893947,3.744447112295627
33,30,3.451363440551396,19.826573500218522,3.6198205147012805
50,30,3.2484852768173225,22.97025967822188,4.19377645917116
25,30,2.976833336426258,14.88416668213129,2.7174646138233776
44,30,3.2081062306384034,21.280169309257893,3.8852095860698923
46,31,3.1392481833712105,21.29141707855009,3.8240513949710224
36,31,3.819512977597525,22.91707786558515,4.1160286916195385
36,30,3.141565913328435,18.84939547997061,3.441413033238607
33,31,3.3306795657434614,19.13329742095739,3.4364416620591656
46,31,3.108893853013537,21.08554399364755,3.787075497377918
34,28,2.51796241234626,14.682117699419669,2.7746594394603012
26,29,2.4139610097002,12.308834293513462,2.2856931466992756
31,31,3.5405289630244146,19.712830985894865,3.540528963024414
44,31,2.2034236559590137,14.615859042018386,2.6250857776224814
38,31,2.567050039197376,15.824359207950364,2.842138814924102
41,31,2.6348115656173383,16.871025796872768,3.0301256837488446
40,30,3.6565989944640127,23.126362624775414,4.222276827544626
27,31,2.981908639612556,15.49445180201262,2.7828856956397834
30,31,3.232832592856188,17.706953357452488,3.18026270573927
44,31,3.049165270627969,20.225874252910906,3.6326742539496335
45,31,3.2849094287366025,22.035842347755136,3.957754120282958
35,31,4.093158667373061,24.21545324106473,4.349223793076676
35,31,5.693505553017264,33.683233097170834,6.0496872536556285
44,30,3.512582159971411,23.299834139842595,4.2539482481735895
46,31,3.314534690089012,22.48026800869952,4.0375753253453235
27,31,2.9048602624866686,15.094096690544326,2.7109797949265575
34,30,2.949422796989674,17.197942446806866,3.1399003402639036
49,31,4.0369588428161585,28.25871189971311,5.075414485635592
27,29,4.205506993935351,21.852455355246857,4.057899087191493
33,30,3.1921285637623664,18.337382510336376,3.3479326821706477
29,30,2.881871506364988,15.519353014760432,2.833433241356698
36,31,3.780892086955534,22.685352521733204,4.074409591249752
35,31,2.930406000450219,17.336515695537347,3.113730137588909
44,31,2.827424613380907,18.755013131200297,3.3684997979453586
42,31,2.880278216182826,18.666336258353635,3.352572961414944
46,31,2.8915940560696964,19.61174506550831,3.5223733957627323
33,31,3.186866574216629,18.30715468174546,3.2880620458657797
41,30,3.8592289766087844,24.711122597926874,4.511613089386738
47,28,2.8883190388063307,19.80131770581854,3.742097305783992
36,31,3.38229702469905,20.2937821481943,3.64487087199201
26,31,3.063456061112592,15.620622234647195,2.805546574299965
42,28,4.578243841084548,29.67041118815176,5.607180664348429
30,31,3.867415866915912,21.182709095632426,3.8045268648663737
37,31,2.860566905054076,17.400149185474078,3.1251590497680133
45,31,2.78292827092441,18.668450370878798,3.3529526672335446
38,30,2.571515061209663,15.851883452166469,2.89414471523148
39,31,3.1492805115479574,19.667250491012076,3.5323424644744614
50,30,2.5653335712157985,18.139647642121943,3.311831399595196
36,30,3.0552495069114567,18.33149704146874,3.3468581474838817
47,31,3.2900904165683897,22.55572350008247,4.051127531664736
45,31,2.517427181737769,16.887414920314107,3.03306925721448
37,30,3.2972374729429554,20.056312553912598,3.6617649353839927
36,30,3.0536978562381885,18.322187137429133,3.3451583993336476
47,31,2.971429502640749,20.37109433954644,3.6587565514701628
37,30,4.1493490482988475,25.239504916120808,4.608082060940634
37,28,2.626456263552907,15.976109747406689,3.0192009507080737
47,30,3.0003014153371574,20.569030200645948,3.7553739422995993
33,31,2.8455299865010835,16.346325270057985,2.9358866871566676
29,31,2.917043094158208,15.708757811555522,2.821376191209889
45,30,2.9799796450426155,19.990311173642947,3.6497147871172713
42,31,4.114365380790173,26.664135171407228,4.789020050743347
45,30,3.0875270773472665,20.71176128195922,3.781432953263727
33,31,3.0963188640109207,17.786997687968196,3.194639091897075
48,30,2.4806291630392105,17.18630298048389,3.1377752741764318
25,31,2.834591455367443,14.172957276837215,2.5455382723189253
48,30,3.1582972021893485,21.881324878378347,3.9949650746622685
28,29,2.404593458396518,12.72391259025985,2.362771251383551
28,30,2.8338759271202973,14.995461899145818,2.737784247457141
36,31,5.120560103508139,30.723360621048833,5.5180784636209985
25,31,3.2897129986236657,16.448564993118328,2.954249483496054
37,30,2.3115138933127706,14.060390098506677,2.5670642747581303
37,31,2.55477990931915,15.540119505565208,2.7910878573292153
37,28,3.0382071651282123,18.480692703325463,3.4925226392289397
30,31,3.4024207369883555,18.63582587771874,3.347093135286062
25,31,3.847696476071549,19.238482380357745,3.4553334384609404
33,30,3.411704783432059,19.59875185991892,3.578226164207974
28,31,2.495048512941143,13.202555748567573,2.371249012746812
41,31,3.353230123922185,21.471149080176097,3.856332215406938
43,30,2.6746255353420034,17.538692523533516,3.2021125080955044
46,30,2.721560767864934,18.45852319678777,3.3700498443710107
50,30,2.4624328885545754,17.412029937137184,3.178987189508432
40,30,3.9073162979359384,24.712038080349267,4.511780232844652
34,31,2.8033202416594403,16.3460254749623,2.9358328423679607
45,30,2.987324951339903,20.039584986231823,3.658710913333674
48,30,2.3812430048302793,16.4977354781361,3.012060623042806
31,31,3.0214659771600556,16.822810591135145,3.0214659771600556
42,31,2.7615860717198406,17.89712324715106,3.2144182262149807
48,30,3.3732365160241105,23.370468126801544,4.266844190834903
33,31,2.8038292581834185,16.106772823830898,2.8928617977007987
42,30,2.646320877870966,17.150119414264786,3.13116908903337
34,31,3.9175913522943646,22.84328671889039,4.1027754104305245
25,31,3.5129111097598775,17.564555548799387,3.154687304308179
38,30,4.018268099183049,24.77026813828752,4.522411538263857
42,30,4.0305382436501,26.12087323211254,4.768997163653638
48,30,3.313226441113439,22.954706131956357,4.190936783124885
32,31,3.959498176101179,22.398304083335283,4.02285416977498
35,28,3.170053225950747,18.75428780139693,3.5442272527591845
31,31,2.4640732029116625,13.719378966575983,2.4640732029116625
26,30,4.071758170107196,20.76197436400744,3.7906005658369497
27,31,3.0028908497826583,15.603478564221737,2.8024674801953533
44,31,2.8315747005120526,18.78254169492288,3.3734440739471165
33,31,3.969387039100964,22.802392514471585,4.09543059449474
39,30,3.584854539189394,22.38740942178718,4.087363048138842
33,31,3.0338394831612217,17.428080970560192,3.130175746464552
50,30,2.6040678182927124,18.413540129844353,3.3618370975474527
30,31,3.322551388292629,18.19836343837979,3.2685225617432203
28,29,3.4385634730216275,18.195167633851568,3.378757806956216
49,31,3.0115868564370203,21.081107995059142,3.7862787685116563
37,31,3.6568004727584356,22.243448896471826,3.9950413571679553
47,31,2.739808337871075,18.783179635742975,3.373558651500785
30,31,2.6251508401821244,14.378543320213888,2.5824626157320822
39,30,2.6029387910080897,16.255347539799068,2.967806842544685
34,31,3.2561097465119513,18.986219296248116,3.410025651049225
27,31,4.090961995015007,21.257262081597986,3.8179169764277163
41,30,3.616007880260197,23.153747700842246,4.227276635511558
43,30,3.2069724328230858,21.029524577368612,3.839448328211361
47,31,2.5900098008327292,17.75621260616269,3.189109927981478
38,31,2.475777328501013,15.261716432044766,2.741085189224394
27,30,3.355753298747119,17.437005633290614,3.183547106899308
50,31,2.6268046254057364,18.57431363476585,3.336045210312164
34,31,3.028217861584186,17.657392678008694,3.1713613449391156
46,31,2.7951712859647078,18.95777402076925,3.4049167287556084
28,31,3.566247036938756,18.87080554712185,3.3892967297793595
25,30,4.396606961008279,21.9830348050414,4.013534681714119
34,31,2.266026805356669,13.213093294464713,2.373141611860289
49,30,2.8296539999003025,19.80757799930212,3.616352426586939
33,30,4.694254771274748,26.966440612397836,4.923375939677907
41,31,3.1586942594040077,20.225511771029804,3.6326091502818993
45,31,2.668025087271773,17.897656382443483,3.2145139801401976
47,31,3.3046364455877613,22.655446050846688,4.069038230513624
49,30,2.913299449092359,20.393096143646513,3.7232529250822695
40,30,2.5788437910661743,16.31004021910499,2.977792313940102
27,31,4.717551282229479,24.51311552439949,4.402685517376995
32,31,3.54182321001323,20.035577676514084,3.5984959798712213
31,30,3.286704592229138,18.29959669976317,3.341033968569127
41,31,4.52755101382704,28.990471632849584,5.2068424135166
31,28,4.473452948175741,24.907131903649784,4.70700549206715
50,31,3.2720214183115637,23.136685330757317,4.15547135672912
25,31,3.151500519930154,15.75750259965077,2.8301310135979674
50,31,2.677355478000067,18.93176214140798,3.4002448573066433
39,28,2.8287439106324843,17.665500059881523,3.338465710288796
27,31,3.912345934820239,20.32914580768263,3.651222372735184
31,30,4.087713277557462,22.759424312251543,4.155283363883891
35,31,2.938903394966797,17.386786959445892,3.122759123126471
33,31,2.5591790308299873,14.701364266309339,2.640442969256125
27,31,3.48314465151968,18.098950519631632,3.250667474446094
47,31,2.9076109110705395,19.933576118657015,3.580175959265101
27,31,3.120561315340812,16.214912238912756,2.9122842100075745
31,30,4.2914639182039815,23.89385986814702,4.362402011883845
26,30,2.974129771639539,15.165145741547262,2.7687641368329485
32,31,3.8316850441693058,21.675283824825538,3.8929958978738597
41,28,3.9169044106590345,25.080425567598493,4.739754916252256
37,30,4.631907584354423,28.174793897915222,5.143990056982358
48,31,3.0611555163157127,21.208307536514212,3.8091244805723616
33,31,2.5576860996252164,14.692788029476562,2.638902631649521
44,31,4.375524635801981,29.023946955823266,5.2128547590097325
39,30,3.7922947772965494,23.68287329355365,4.323881309805334
49,31,2.463832530130362,17.246827710912534,3.097621700022197
29,29,4.024792761662055,21.674172336112186,4.024792761662055
34,31,3.2520353344390904,18.962461595451487,3.4057586420221844
28,30,3.255287885539002,17.22536438211499,3.1449068777768057
47,31,2.616884239135874,17.94045447274884,3.22220074407566
25,31,3.679227527297549,18.396137636487747,3.304043856327503
27,31,3.1199761001524617,16.211871371594004,2.911738054114367
49,31,3.3714239966968127,23.59996797687769,4.238679376309333
33,30,2.9690431660977916,17.055854467924377,3.1139587432024847
43,31,3.357231153713566,22.01483690234819,3.9539814309164365
36,30,3.1740918052344322,19.044550831406593,3.4770433626383856
45,31,2.9087391238956504,19.512415229531573,3.5045332305718606
46,30,2.5102020394734503,17.02501855602298,3.1083289016926057
48,31,2.6702152729352004,18.499794079480655,3.3226611030782656
31,31,3.057139306961073,17.021431285504733,3.0571393069610733
43,30,3.7408614611472992,24.53046905940397,4.478630416672696
33,31,3.7050909565353702,21.284127110938943,3.822742078136457
34,31,2.2262144679420754,12.980949470178867,2.3314473501857793
25,31,3.817654272315725,19.088271361578627,3.4283547430653676
49,31,3.127962693670927,21.89573885569649,3.932590790276759
31,31,3.826856961705058,21.307037813029396,3.8268569617050585
26,30,3.594997462669363,18.33096221346763,3.346760501697017
36,28,3.5681870344616002,21.409122206769602,4.045943796235908
43,30,3.765522955856493,24.692185294876907,4.508155626700478
42,31,2.446977580583432,15.858227194578648,2.8482216848915134
31,31,5.52424988089282,30.757721618203036,5.52424988089282
49,30,3.5796149202495147,25.057304441746602,4.5748169576730024
48,31,3.160516041987359,21.896697451434385,3.932762959153785
38,31,2.924452319052089,18.027534826579792,3.237840837326067
38,28,2.925064293194914,18.03130728855528,3.407596778493117
42,30,3.914555034324966,25.369216127107187,4.6317639796801515
36,30,2.6104209104143448,15.66252546248607,2.859572834434218
46,31,2.8866537299462363,19.57823814351475,3.5163553749180916
34,31,2.677628585005176,15.613123471427874,2.8041997566671317
49,30,2.648301395932581,18.538109771528067,3.384580298457621
41,30,2.827070636906431,18.10208451611029,3.304973342446198
48,31,3.505350541634886,24.28578094580282,4.361855021727011
36,31,4.204723216087171,25.228339296523025,4.531143498985972
37,31,3.4418089284357145,20.93570638633463,3.7601638686615115
26,30,4.268535164701985,21.765344099272415,3.9737899783444877
48,31,2.608003990763117,18.068781673376446,3.245248989702632
26,31,3.6759694767971935,18.743840093560348,3.366493061145479
38,30,2.545202601459897,15.689682556832457,2.8645310188241555
44,28,3.4027676542646703,22.571407115907395,4.26559499782033
45,28,3.4504926474581112,23.146608346738663,4.37429781286303
30,30,4.0478836808244,22.17117202144566,4.0478836808244
45,30,2.3709978795503166,15.9051372995471,2.903867493059583
42,31,3.9886093891005503,25.849143197995648,4.642643171209363
48,30,2.3206768067164094,16.07812054871808,2.935449768940077
41,31,3.3160931837750507,21.233356638615888,3.8136234321208327
48,31,2.4098727010688323,16.69608783209785,2.998705897749496
34,31,2.8506625791253923,16.6220763673158,2.9854130462638717
46,31,3.1718722807399944,21.51268447230679,3.863792192055372
50,31,2.5493402414377515,18.026557722723844,3.2376653442929078
35,31,3.042833615088476,18.001646433560854,3.2331911446789126
29,30,2.4633631317250853,13.265616444158566,2.4219591218923724
33,31,2.7507317278965497,15.801750734721528,2.8380782132614724
50,31,3.009972799208022,21.283721775070468,3.8226692776653772
49,31,2.941778667454933,20.59245067218453,3.6985133224491666
41,31,3.262744725616333,20.89175983315013,3.7522708347037734
29,31,3.963566796738107,21.344460424520893,3.8335782611446194
37,30,4.83875856292927,29.43301927974582,5.373709531667081
33,31,2.6343063023052276,15.132937583762326,2.717955825283966
46,31,2.82443982111404,19.15628288427472,3.4405699731405
39,30,2.6309069666504916,16.43000874070472,2.999695469097008
35,30,2.892560153044387,17.11261664282543,3.1243220510712715
48,31,3.4999351440809296,24.248261970976277,4.355116414921555
38,28,4.462862316980451,27.510930960116863,5.199077261166901
35,31,2.7614608243545113,16.337022554785325,2.934215870170452
32,31,3.9363334280080093,22.267264479646016,3.9993187621768995
48,31,3.0100267527229865,20.854077071431096,3.7455028109040236
29,29,3.328677518554444,17.925477027219202,3.328677518554444
28,30,4.777661370351974,25.28100766886277,4.615659392232411
45,31,2.84043798002432,19.05423722761971,3.422242032156456
39,31,2.6745535355818864,16.70258147631824,2.9998721906809536
44,30,3.5369751143383112,23.461638694169135,4.283489582944162
45,31,3.634728324604301,24.382498840677417,4.379226068447357
26,30,3.4676782592453446,17.68175911075347,3.2282327737773877
45,30,2.9042906915079683,19.482574237895065,3.5570151294547157
26,30,4.754114094483921,24.241320537620002,4.425839360722579
40,31,3.7367477001995724,23.633267548053354,4.244660155847701
45,31,3.0166370154470337,20.236216289944952,3.634531738634706
31,28,2.479424713225845,13.804852558618904,2.608871911144238
39,30,3.0174756471450057,18.844129376636474,3.4404515787098537
41,28,3.7206063707800676,23.82350483068892,4.502219224282058
44,30,2.9960964887182997,19.87385577755976,3.6284530379912847
30,28,2.6011077945161634,14.246854135590151,2.6924023576988305
43,30,3.2679797299609845,21.429576177884208,3.912487423467507
44,30,2.708631627228673,17.967029605614606,3.2803158021194228
40,30,3.1691997478498415,20.04377912647363,3.6594766550736004
27,31,3.1059216942828343,16.138842536484837,2.898621688127921
28,30,3.9158589148299083,20.72077771571039,3.783079121314983
26,30,5.214253117581725,26.587578395361227,4.854205478858784
50,29,3.4900468985632185,24.678358286331306,4.582656087634742
39,31,4.078559164374028,25.47059381786525,4.574653695458994
32,31,4.006197569084037,22.66247574297908,4.070300800492218
45,31,2.889424740035147,19.382850403764742,3.4812627009079624
27,30,4.266059459966547,22.167095198315717,4.047139358160657
41,30,2.6240961628619903,16.802413741776146,3.067687008968526
43,31,2.7750837996872715,18.19744141623569,3.268356961677554
28,31,2.9350620192916983,15.530888371193791,2.789429896652387
46,31,2.5674745356444624,17.41345952401206,3.1275496571412065
34,30,3.600246004587992,20.992861262361576,3.8327545533239373
48,31,3.1800325703871715,22.03191192653773,3.9570481957931136
39,31,3.5492124241769774,22.16482448487595,3.980919995976601
49,30,3.59973509583125,25.19814567081875,4.600530930402859
29,31,3.8814278559854816,20.902128691484545,3.7541331366365993
50,31,2.7754877840345342,19.62566233191243,3.5248730105986317
36,30,2.384331680401634,14.305990082409805,2.6119044918603467
50,31,2.480255525155682,17.538055009129845,3.1499276668769585
45,31,3.147787441052557,21.11600009074089,3.792545573894924
37,31,3.874354452164473,23.566778090720142,4.232718296781773
46,31,3.2650088720915895,22.144367568356802,3.9772458253066425
39,30,3.852930225213665,24.061541544428028,4.393016357410308
50,31,2.8004820889909787,19.802398757169897,3.5566158096361313
49,30,3.153284707531508,22.072992952720554,4.02995871728587
39,31,2.8790260224128117,17.97951174730491,3.2292156376686463
28,31,2.861853572390512,15.143505682454158,2.719853911841361
49,31,3.6604030488019115,25.62282134161338,4.601994565838566
47,31,2.414409748264023,16.552359297939375,2.9728914909620974
48,30,2.895487853207103,20.060528297812947,3.662534621394288
29,31,2.797674567763442,15.06593862413492,2.7059224569046063
41,31,3.915144751258249,25.069158249839695,4.502553739019475
30,30,3.858828575451373,21.13567456320243,3.8588285754513727
45,30,3.412264704491664,22.89016750939978,4.179153696656702
35,31,2.285400379685455,13.520610982545309,2.4283734191065802
48,28,2.7877649697775686,19.314202268861855,3.6500411410719957
34,31,2.3158960201573424,13.503878287001147,2.425368138269649
37,30,2.9936677456960727,18.20976999168241,3.324633930475039
34,31,2.566344044834691,14.964228671053796,2.6876548100623414
43,31,4.026780936468565,26.405368441723855,4.742544174104084
46,31,2.7967575774188878,18.96853277286091,3.4068490576744623
40,31,2.7521285502141013,17.405989264507287,3.126207958926633
31,31,2.9878992561744093,16.635918998254205,2.9878992561744093
47,30,2.7143999328515824,18.608988386982237,3.397520903967282
32,31,2.7370605517354463,15.48315261320262,2.780856301420906
29,31,3.155408788437648,16.992396359617345,3.051924480327744
48,30,4.1454152729029605,28.720279484559722,5.243581643848735
48,28,3.459525898824313,23.96829850745639,4.529582657149301
37,31,3.988376868606632,24.260349373068568,4.3572873764250595
38,31,4.484754531864785,27.645883636105854,4.965347280259866
29,31,2.6661418694612853,14.357613366250707,2.5787034850291186
28,31,2.7127637046980393,14.354596256626547,2.5781615961438233
31,31,2.850669796417771,15.871857702690779,2.850669796417771
36,31,5.084788695003467,30.5087321700208,5.47953005585057
37,30,3.9567732839795187,24.068112272675652,4.394216002770461
44,31,2.824281798501625,18.734166055720046,3.3647555526573534
37,30,3.0453114950227684,18.523906655010947,3.3819871760231877
49,30,3.3962863858061594,23.774004700643115,4.340519552258696
36,31,3.0305306162201124,18.183183697320676,3.2657961997656098
44,30,2.778727556196486,18.431993397049887,3.3652061877834996
31,31,5.266121795278155,29.320525262072167,5.266121795278155
35,30,4.561200123479844,26.984423837190576,4.9266592123031305
42,31,3.0495069236577046,19.763063630225037,3.5495510122809386
30,31,2.483853760472097,13.604627341546013,2.4434632026400918
40,30,3.6079791889087547,22.818863974877168,4.166135511894074
35,31,2.832693783387986,16.758442423613626,3.009905112991443
29,31,3.0947126821567514,16.665537824143364,2.9932189543439103
28,30,3.4526927208775797,18.26993258593005,3.335618067137527
37,31,2.398810654910135,14.591395568967503,2.6206920081565537
45,31,2.9192620884935887,19.583005422029014,3.517211603415492
34,28,3.1006016717630502,18.079459193127263,3.416696633111087
41,31,3.4930888282969272,22.366681739973966,4.017174629244776
28,30,3.544889127112903,18.75779011127515,3.424688257630913
45,31,2.777267207513589,18.6304748030442,3.3461320539029735
33,31,3.0549234902706606,17.549199370240416,3.151929253220118
27,30,3.0746852250834196,15.976533081377497,2.916902519799325
30,31,2.742864082905523,15.02328530378075,2.6982616944199505
26,31,3.8147981287534036,19.451730098930845,3.4936338593617826
32,31,3.439571597737156,19.45715520909273,3.494608237910936
32,30,4.877000855631096,27.588483014954743,5.036944824879616
40,31,2.492282563024408,15.762578943758554,2.8310427519146377
46,31,2.4947665592164916,16.920330035472272,3.0389809864137085
37,30,3.513940441680951,21.374465252356465,3.902425591108663
28,31,3.1480314214644496,16.657816521224188,2.9918321674010713
42,28,4.347865739604653,28.177390449869065,5.3250262660799965
32,30,3.6037919416637756,20.386125759487125,3.7219803128694116
27,31,6.104506899064638,31.719948313004068,5.697070897030785
30,31,2.6081552394691716,14.285454581325537,2.5657433846687483
39,31,4.126527659785223,25.770156975694345,4.628456826896983
28,31,4.200055404415742,22.224604185553737,3.9916567471719047
29,30,2.4237905978749303,13.052511827539572,2.383051720015468
35,31,2.4842725040687363,14.69715433703131,2.639686843636633
35,31,2.9957023320898726,17.722814003061266,3.1831113617841744
38,31,2.730707087773195,16.833209009875716,3.0233335882985566
43,31,2.863821484719806,18.779333330625406,3.372867834708457
44,30,3.547890672063135,23.53404431287055,4.2967089798284555
49,30,2.797340725493939,19.581385078457572,3.575055438222093
43,31,3.4685852442205802,22.745034505277495,4.085128791929781
50,28,3.5612929486480174,25.182143937808483,4.7589778813481445
48,30,2.597809433330367,17.998151707639636,3.285997894558118
46,31,3.071649096159689,20.83293776252349,3.741706078943036
42,31,2.5797282537941277,16.718549885196246,3.002740201580375
43,31,3.6899925414993424,24.196899246014837,4.345891397191937
38,30,3.1322373049699532,19.308407503378586,3.5252167797008194
37,30,2.705278529558982,16.45556687362164,3.004361724405778
42,31,3.6014075171144304,23.33978826771549,4.191949721064018
30,31,4.30028990692863,23.553657858366023,4.23036183348715
25,31,2.728690713266487,13.643453566332436,2.4504365984694165
50,28,2.6569455974658953,18.787442492118778,3.550492900362418
33,28,3.9736493364663423,22.826877548705173,4.313874371571256
36,31,2.7576027875266065,16.54561672515964,2.9716804891415554
47,29,3.7695234468039542,25.842550759401128,4.798841202624621
35,31,3.90973170753341,23.13028471228195,4.154321771714694
26,31,2.615386918610669,13.335908933591105,2.395199951819196
48,31,2.6213724214554652,18.161400878082887,3.261883889937412
44,31,2.5464838989879888,16.89146325524888,3.0337963596331456
40,31,3.2084206527657106,20.291833909327714,3.644520957961957
25,30,2.7948365430738935,13.974182715369468,2.551325031968884
26,30,4.880397405593561,24.885241605209167,4.5434027253797105
46,31,3.747290123987475,25.415358163389456,4.564733079054222
28,31,3.1780887967504237,16.81686520136424,3.020398153634585
46,30,2.7198743944438237,18.447085655771026,3.3679616446319236
36,30,2.7297667666650414,16.37860059999025,2.9903096696607694
33,28,3.633461562542198,20.872647569811612,3.9445596195155863
42,30,3.1637058040508177,20.503156962101297,3.7433471894039916
28,30,2.6501539102056055,14.023296364898865,2.560291916545102
36,31,4.572467927571194,27.434807565427164,4.927436898834995
43,30,2.8744135948180403,18.848790441437217,3.4413025688209737
39,31,3.0193993660793788,18.856142997531112,3.386663258131632
33,31,2.512526221565755,14.433364280853967,2.5923087509252416
40,30,3.293573947287505,20.83039063123973,3.803091610124759
49,31,3.9633361880542126,27.743353316379487,4.982853351623866
44,31,3.475737157118026,23.055432040114095,4.140877834922476
45,31,3.6749032656021625,24.652000537867202,4.427630002167857
45,30,3.019684420837228,20.256658906767374,3.6983430076414763
38,30,3.6024760917928,22.207154065608485,4.054453073242109
27,31,3.8096769851681107,19.795662296210978,3.555405905531013
29,30,2.7709141074786694,14.921829135186645,2.72434080552651
41,31,3.975833919376666,25.45775853316837,4.572348410274412
28,30,2.8543117698406903,15.103598214486198,2.7575271471896134
38,31,2.8204288425212094,17.386291051215323,3.122670055378942
49,31,2.633274981100429,18.432924867703004,3.310651038100648
33,31,2.7945382054522936,16.05339978936466,2.8832757177254047
29,31,3.269841742698389,17.60863667767872,3.162604508774233
44,31,3.6116270421982333,23.956823563345218,4.3027725316967755
39,30,3.073113867350792,19.191589950456056,3.503888910084745
49,30,2.5211518311448358,17.64806281801385,3.222080700564792
25,31,2.8546935817025654,14.273467908512828,2.5635905146779256
37,31,4.270221531028119,25.974743525010535,4.665201655877533
37,31,3.048360085640719,18.542450507792037,3.3303224237685147
36,30,2.534486915023974,15.206921490143845,2.7763913101206197
43,31,2.565182389796862,16.82102582471501,3.0211454236481203
40,28,1.9635065777922034,12.418305973091902,2.3468392363935098
26,31,3.4846229258360064,17.76816029635058,3.1912557964861965
47,31,2.758190862072247,18.90920387234972,3.396193272579233
44,30,3.256894015495996,21.60379086270833,3.944294527709782
41,31,3.3013253712297943,21.13879650017349,3.7966399298961924
38,31,2.9784549655309087,18.36042949673121,3.297630485101716
35,31,4.214287788302724,24.93206278454134,4.477930666568062
35,31,5.230720796829895,30.94536155716406,5.557951008802201
26,28,3.7043388092992076,18.88849587357572,3.569590194396505
50,30,3.406237680665529,24.085737623317332,4.397433936813924
37,31,3.730761803282971,22.693338106477473,4.075843844609607
27,31,4.402447666935832,22.875789110387785,4.108613012272007
31,31,3.3923408996945685,18.88775476789015,3.3923408996945685
39,30,2.9005976816977594,18.114226716361543,3.307190194771317
42,31,3.3495828728504184,21.70777804677163,3.8988320324206125
27,30,2.579151066263123,13.40166206148952,2.446797539712999
42,30,3.863881598049592,25.040814726309193,4.571806361302365
49,31,2.945731510038872,20.620120570272103,3.7034829828522353
26,31,2.7840762740803213,14.196059248866252,2.5496875089826148
31,30,4.0394707035668995,22.4908210280157,4.106243337951909
39,31,2.660779656213141,16.616563627230242,2.98442292891581
29,30,3.5689592765063987,19.21943389393848,3.5089724953964856
34,31,2.4988308983666045,14.570562761728738,2.6169503255203694
26,30,4.085501011007256,20.83204937792905,3.803394454451068
37,31,2.2296483120484027,13.562421208270695,2.4358827573257957
45,30,2.3987907962416553,16.091577852591566,2.9379067252383138
49,31,3.090462558166511,21.633237907165576,3.8854442281335495
30,30,3.0692685456311946,16.811076174832795,3.0692685456311946
32,31,5.283810430919681,29.889745489660164,5.368356766173847
45,31,3.134322814904054,21.02567663266187,3.776323001926539
26,28,4.133701509841679,21.07782466205068,3.983334445286439
42,30,4.682191097361924,30.344066402396383,5.540043218342377
35,28,2.5336386809844402,14.989208578251224,2.8326941605520557
33,31,4.635290729159376,26.627717978572974,4.782479329825383
29,30,3.589588875390793,19.33052768383602,3.52925535363836
25,28,3.09436115643573,15.471805782178649,2.9238964594811336
37,31,2.3311058462171825,14.179563295529,2.546724748301258
27,31,4.231620562170477,21.988145436097323,3.949187502058912
31,28,4.221518463778472,23.504420059654716,4.441917870617452
39,31,2.7176089429320265,16.971462409040093,3.048164631811703
39,30,2.993483588178496,18.69429901641316,3.4130964226787093
40,30,4.00137961553292,25.306946736105782,4.620395196315625
30,31,2.6979389599749832,14.777220271503259,2.6540671099795237
45,30,3.381446479223487,22.683432569463143,4.1414092333141115
31,31,2.5457565501949104,14.17417259661632,2.5457565501949104
29,31,2.781174759319586,14.977084436378608,2.68996377367629
50,30,3.0411471015481357,21.50415738090501,3.926104025887629
